{"extensionType":"field_faas","i18nMap":{"zh-CN":{"textInput":"待生成的字段","tableImage":"表格图片","attachment":"附件","parseError":"文本格式错误，请使用格式：# header: 列1 | 列2 | 列3"},"en-US":{"textInput":"Source Field","tableImage":"Table Image","attachment":"Attachment","parseError":"Text format error, please use format: # header: col1 | col2 | col3"}},"fields":[{"fieldType":1,"uiSchema":{"fieldsConfigEditor":{"component":"OpenFieldMetaEditor","props":{"schema":{"items":[{"key":"storage","label":"存储服务","component":"Radio","props":{"options":[{"value":"OSS","label":"阿里云OSS"},{"value":"TOS","label":"火山引擎TOS"}],"placeholder":"请选择存储服务"},"defaultValue":"OSS","validator":{"required":true}},{"key":"accessKeyId","label":"AccessKeyId","component":"Text","props":{"placeholder":"请输入 AccessKeyId"},"validator":{"required":true}},{"key":"accessKeySecret","label":"AccessKeySecret","component":"Text","props":{"placeholder":"请输入 AccessKeySecret"},"validator":{"required":true}},{"key":"bucket","label":"Bucket","component":"Text","props":{"placeholder":"请输入 Bucket 名称"},"validator":{"required":true}},{"key":"region","label":"Region","component":"Text","props":{"placeholder":"例如 cn-beijing"},"validator":{"required":true}},{"key":"processType","label":"处理方式","component":"SingleSelect","props":{"options":[{"value":"ATTACHMENT_LINK","label":"附件 → 下载链接"},{"value":"TEXT_TABLE_IMAGE","label":"文本 → 生成表格图片并上传，返回下载链接"}],"placeholder":"请选择处理方式"},"defaultValue":"TEXT_TABLE_IMAGE","validator":{"required":true}},{"key":"sourceTextField","label":"${{textInput}}","component":"FieldSelect","props":{"supportType":[1,17],"placeholder":"可选择文本或附件字段；与上方“处理方式”保持一致"},"validator":{"required":true}},{"key":"nameField","label":"文件名称","component":"FieldSelect","props":{"supportType":[1],"placeholder":"可选，选择文本/公式字段作为文件名（非附件）"}}]}}}},"presetFieldConfig":{"fieldProperty":{"propertyType":1,"properties":[]},"externalEditorConfig":{}},"disableAutoUpdate":false}]}